username|path
bgartnerTC|_chc_
ryongueCO|_fresenius_
rwardFMC|_fresenius_
averduzcoCO|_fresenius_
lusvyatFMC|_fresenius_
mkurukundaMED|_medecision_
mhansenAH|_mwheart_
cgurnackAH|_mwheart_
sjenkinsSACF|_sacfam_
cmoncivaizSWVM|_swvm_
cbaranowskiVMD|_vilagemd_
mwimberleyVMD|_villagemd_
culangcaTN|agilon/current
jforstAGH|agilon/current
rgekhterPC|agilon/current
ykhanAHA|aha
carberryAPHC|albany/current
acollinsAAPHC|albany/current
nbriggsARCCS|arcpilot/data
kmackayARCW|arcw/current
mscogginsARCW|arcw/current
mkastnerARCW|arcw/current
ebarrioARMC|armc/current
mlunaARMC|armc/current
khaighARMC|armc/current
rmantillaARMC|armc/current
pcoyneMDR|armc/current/mdr
bstaffordTOC|armc/current/toc
sconleyASM|asmaetna/current
jmachosBCBSSC|bcbssc/current
sbrandonCHM|chm/current
rkuppurajCHM|chm/current
hmunizCLBPCC|clbpcc/current
asteeleCLBPCC|clbpcc/current
dvoboraCU|continuus/current
cfisherDV|davita/current
mgarciaCH|fresenius/current/athena
schaudhuriFMC|fresenius/current/ecube
nmclaughlinFMC|fresenius/current/next_gen
dhydierFMC|fresenius/current/next_gen
mmitchellHL|healthlinc/current
mnairHL|healthlinc/current
msudHL|healthlinc/current
apapadimitriouHL|healthlinc/current
dmchaleLCDP|lcdp/current
mmadison|milesquare/current
juzicePBC|pbc/current
nfendersPCHC|pchc/current
nmareanPCHC|pchc/current
yzlatsinPM|pennmed/current
cmaloneRS|riverside/current
mcaiozzoRS|riverside/current
mshayRS|riverside/current
tlebouthillRS|riverside/current
wparrisRS|riverside/current
mpryorRS|riverside/current
dkidneyRWJBH|rwjbarnabas
vcharlesRWJBH|rwjbarnabas/current
fsonnenbergRWJBH|rwjbarnabas/current
mpareliusRWJBH|rwjbarnabas/current
wroszkowskaRWJBH|rwjbarnabas/current
amgarveyOD|samh/current
dstinsonSJ|stjohn/current
sszpunarSTJOHN|stjohn/current
ddembinski|temp/dee
mkarriVNSNY|vnsny/current
jkolativVNSNY|vnsny/current
agiwaVNSNY|vnsny/current
rvadlakuntaVNSNY|vnsny/current
